{
  //// hud configs ////

  "$show_chunk_map_toggle": true,
  
  "$chunk_info_background_value": 0.5,
  
  "$hide_chunk_padding_toggle": false,


  "$show_inventory_item_toggle": false,
  
  "$inventory_item_background_value": 0.5,
  
  "$inventory_item_9x3_toggle": false,


  "$show_ore_info_toggle": false,
  
  "$ore_info_background_value": 0.5,
  
  "$top_ore_info_toggle": false,


  "$show_paperdoll_toggle": false,

  "$show_hotbar_item_count_toggle": false,

  "$show_hotbar_helper_button_toggle": false,

  "$show_hide_vignette_toggle": false,


  "$show_player_position_toggle": true,

  "$player_position_background_value": 0.5,

  "$horizontal_player_position_toggle": false,


  "$show_compass_helper_toggle": true,

  "$compass_helper_background_value": 0.5,

  "$horizontal_compass_helper_toggle": false,

  "$recovery_compass_helper_toggle": false,


  "$show_durability_item_toggle": true,
  
  "$durability_item_background_value": 0.5,


  "$show_shade_screen_toggle": false,
  
  "$shade_screen_opacity_value": 0.3,



// hud 

  "$default_compass_id": 25821184,
  
  "$clock_id": 25952256,
  
  "$recovery_compass_id": 42860544,


// start background

  "$use_custom_background": false,

  "none": {}
}