{
  "chest_label": { "ignored": true },
  
  "small_chest_panel/root_panel/common_panel": { "$show_close_button": false },
  
  "large_chest_panel/root_panel/common_panel": { "$show_close_button": false },


  "small_chest_panel_top_half": {
    "offset": [0,16],
    "modifications": [
      {
        "array_name": "controls",
        "operation": "insert_front",
        "value": { "item_highlight@container_item.small_chest": {} }
      }
    ]
  },
  
  "large_chest_panel_top_half": {
    "offset": [0,15],
    "modifications": [
      {
        "array_name": "controls",
        "operation": "insert_front",
        "value": { "item_highlight@container_item.large_chest": {} }
      }
    ]
  },


  "small_chest_panel/root_panel/chest_panel": {
    "modifications": [
      {
        "array_name": "controls",
        "operation": "insert_front",
        "value": [
          {
            "search_panel@template.search_panel": {
              "$place_holder_text": "$container_title",
              "$text_edit_text_control": "search_item",
              "$anchor": "top_left",
              "offset": [7,5],
              "layer": 15,
              "size": ["100%-14px",18]
            }
          },
          { "inventory_highlight@container_item.inventory": {} },
          { "hotbar_highlight@container_item.hotbar": {} },
          { "filtered_item@container_item.filter_item_panel": {} }
        ]
      }
    ]
  },
  "large_chest_panel/root_panel/chest_panel": {
    "modifications": [
      {
        "array_name": "controls",
        "operation": "insert_front",
        "value": [
          {
            "search_panel@template.search_panel": {
              "$place_holder_text": "$container_title",
              "$text_edit_text_control": "search_item",
              "$anchor": "top_left",
              "offset": [7,5],
              "layer": 15,
              "size": ["100%-14px",18]
            }
          },
          { "inventory_highlight@container_item.inventory": {} },
          { "hotbar_highlight@container_item.hotbar": {} },
          { "filtered_item@container_item.filter_item_panel": { "$large_chest": true } }
        ]
      }
    ]
  },

  "small_chest_panel/root_panel": { "size": [176,170], "$ignore_container_type": false },
  "large_chest_panel/root_panel": { "size": [176,224], "$ignore_container_type": false }
}