{
  "hud_screen": {
    "$use_loading_bars": false,
    "always_accepts_input": true,
    "render_only_when_topmost": false
  },
  "root_panel/chat_stack": {
    "modifications": [
      {
        "control_name": "player_position",
        "operation": "insert_after",
        "value": {
          "chunk_padding": {
            "type": "panel",
            "size": [62,62],
            "bindings": [
              {
                "binding_type": "view",
                "source_control_name": "hud_chunk_map_enable",
                "source_property_name": "#toggle_state",
                "target_property_name": "#toggle_1"
              },
              {
                "binding_type": "view",
                "source_control_name": "chat_stack-chunk_padding",
                "source_property_name": "(not #toggle_state)",
                "target_property_name": "#toggle_2"
              },
              {
                "binding_type": "view",
                "source_property_name": "(#toggle_1 and #toggle_2)",
                "target_property_name": "#visible"
              }
            ]
          }
        }
      },
      {
        "control_name": "player_position",
        "operation": "remove"
      },
      { "control_name": "paper_doll_padding", "operation": "remove" },
      { "control_name": "paper_doll_padding_living_room", "operation": "remove" },
      { "control_name": "vr_riding_chat_padding", "operation": "remove" },
      { "control_name": "vr_chat_padding", "operation": "remove" },
      { "control_name": "non_centered_gui_padding", "operation": "remove" }
    ]
  },

  "hud_player_renderer/hud_player": { "bindings": [] },
  "centered_gui_elements/hud_player_rend_desktop": { "ignored": true },

  "hud_content": {
    "modifications": [
      {
        "array_name": "controls",
        "operation": "insert_front",
        "value": [
          { "hud_player_position_text@template.hud_player_position_text": {} },
          { "hud_player_position@binding.hud_player_position": {} },
          { "hud_global@binding.hud_global": {} },
          { "setting_hud_screen@setting_hud.setting_hud_screen": {} },
          { "modification_panel@hud_ds.modification_hud_content": {} }
        ]
      }
    ]
  },

  "root_panel": {
    "modifications": [
      {
        "array_name": "controls",
        "operation": "insert_front",
        "value": [
          { "modification_panel@hud_ds.modification_root_panel": {} },
          { "hud_debug_screen@hud_ds.debug_screen_panel": {} },
          { "durability_low_popup@hud_ds.durability_low_popup": {} },
          {
            "f1_f3@template.panel": {
              "size": [94,20],
              "$anchor": "top_middle",
              "controls": [ { "f1@hud_ds.f1_button": {} }, { "f3@hud_ds.f3_button": {} } ],
              "bindings": [
                {
                  "binding_name": "#inventory_touch_button"
                },
                {
                  "binding_type" : "view",
                  "source_control_name": "setting_hud_enable",
                  "source_property_name": "(not #toggle_state)",
                  "target_property_name": "#setting_visible"
                },
                {
                  "binding_type" : "view",
                  "source_property_name": "(#setting_visible and #inventory_touch_button)",
                  "target_property_name": "#visible"
                }
              ]
            }
          }
        ]
      }
    ]
  },
  
  "layout_customization_sub_panel/background/sub_panel_content": { "grid_item_template": "hud.layout_customization_option" },
  "exp_progress_bar_and_hotbar/resizing_xp_bar_with_hotbar/empty_progress_bar/full_progress_bar/progress_bar_nub": { "size": [170,5], "max_size": [170,5] },

  "hotbar_panel": {
    "modifications": [
      { "control_name": "hotbar_elipses_panel_left", "operation": "remove" },
      { "control_name": "hotbar_elipses_panel_right", "operation": "remove" },
      {
        "control_name": "hotbar_grid",
        "operation": "insert_before",
        "value": { "inventory_left@hud_ds.hotbar_left_button": {} }
      },
      {
        "control_name": "hotbar_grid",
        "operation": "insert_after",
        "value": { "inventory_right@hud_ds.hotbar_right_button": {} }
      },
      {
        "control_name": "controls",
        "operation": "insert_back",
        "value": [
          {
            "inventory_button": {
              "type": "panel",
              "size": [0,"100%sm"],
              "controls": [ { "inventory@hud_ds.hud_inventory_button": {} } ]
            }
          }
        ]
      }
    ]
  },

  "hotbar_slot_selected_image": {
    "texture": "img/none",
    "controls": [
      {
        "hotbar1@template.custom_selected_hotbar": { "$id": "selected_hotbar1", "uv": [0,0] }
      },
      {
        "hotbar2@template.custom_selected_hotbar": { "$id": "selected_hotbar2", "uv": [24,0] }
      },
      {
        "hotbar3@template.custom_selected_hotbar": { "$id": "selected_hotbar3", "uv": [48,0] }
      },
      {
        "hotbar4@template.custom_selected_hotbar": { "$id": "selected_hotbar4", "uv": [72,0] }
      },
      {
        "hotbar5@template.custom_selected_hotbar": { "$id": "selected_hotbar5", "uv": [96,0] }
      },
      {
        "hotbar6@template.custom_selected_hotbar": { "$id": "selected_hotbar6", "uv": [120,0] }
      }
    ]
  },

  "root_panel/vignette_rend": {
    "bindings": [
      {
        "binding_type" : "view",
        "source_control_name": "hud_hide_vignette_enable",
        "source_property_name": "(not #toggle_state)",
        "target_property_name": "#visible"
      }
    ]
  },

  "gui_hotbar_grid_item/hotbar_parent/item_count": {
    "modifications": [
      {
        "array_name": "bindings",
        "operation": "remove",
        "where": { "binding_name": "#stack_count_visible" }
      },
      {
        "array_name": "bindings",
        "operation": "insert_front",
        "value": [
          {
            "binding_type": "view",
            "source_control_name": "hud_hotbar_item_count_enable",
            "source_property_name": "#toggle_state",
            "target_property_name": "#toggle"
          },
          {
            "binding_type": "view",
            "source_property_name": "(#toggle or #stack_count_visible)",
            "target_property_name": "#visible"
          },
          {
            "binding_name": "#stack_count_visible",
            "binding_type": "collection",
            "binding_collection_name": "$stack_count_collection_name"
          }
        ]
      }
    ]
  },

  "centered_gui_elements_at_bottom_middle": {
    "bindings": [
      {
        "binding_type" : "view",
        "source_control_name": "setting_hud_enable",
        "source_property_name": "(not #toggle_state)",
        "target_property_name": "#setting_visible"
      },
      { "binding_name": "#hud_visible_centered" },
      {
        "binding_type" : "view",
        "source_property_name": "(#setting_visible and #hud_visible_centered)",
        "target_property_name": "#visible"
      }
    ]
  }
}