{
  "player_inventory": {
    "modifications": [
      {
        "array_name": "controls",
        "operation": "insert_front",
        "value": [
          { "filtered_item@container_item.filter_item_panel": { "$ignore_chest_grid": true, "$ignore_back_button": true } },
          { "inventory_highlight@container_item.inventory": {} },
          { "hotbar_highlight@container_item.hotbar": {} }
        ]
      }
    ]
  },
  "help_button": { "ignored": true },
  "inventory_screen_base": { "$ignore_container_type": false },
  "tab_content/tab_content_search_bar_panel/search_and_filter_panel/text_edit_control": { "$text_edit_text_control": "search_item" },
  
  "survival_panel_top_half": {
    "controls": [
      { "player_armor_panel@player_armor_panel": {} },
      { "crafting_panel@crafting_panel_2x2": {} },
      { "craft_button@inventory_ds.quick_craft_button": { "offset": [26,28] } }
    ]
  },
  "work_bench_panel_3x3": {
    "modifications": [
      {
        "control_name": "crafting_arrow_large",
        "operation": "replace",
        "value": { "quick@inventory_ds.quick_craft_button": { "offset": [-15, 2] } }
      }
    ]
  }
}