{
  "pause_screen": {
    "$screen_bg_content": "pause.screen_bg",
    "$screen_content": "pause.pause_screen_content",
    "variables": [],
    "force_render_below": true,
    "$use_loading_bars": false,
    "render_only_when_topmost": false,
    "button_mappings": [
      {
        "from_button_id": "button.menu_vr_realign",
        "to_button_id": "button.menu_vr_realign",
        "mapping_type": "global",
        "scope": "controller"
      },
      {
        "from_button_id": "button.controller_select",
        "to_button_id": "button.to_profile_or_skins_screen",
        "mapping_type": "global",
        "scope": "controller"
      },
      {
        "from_button_id": "button.menu_tab_left",
        "to_button_id": "button.menu_tab_left",
        "mapping_type": "global",
        "scope": "view"
      },
      {
        "from_button_id": "button.menu_tab_right",
        "to_button_id": "button.menu_tab_right",
        "mapping_type": "global",
        "scope": "view"
      }
    ]
  },

  "screen_bg@common.screen_background": {
    "bindings": [
      {
        "binding_type": "view",
        "source_control_name": "enable_hud_menu",
        "source_property_name": "(not #toggle_state)",
        "target_property_name": "#visible"
      }
    ]
  },

  "pause_screen_content": {
    "modifications": [
      {
        "array_name": "controls",
        "operation": "insert_front",
        "value": [
          {
            "disable_hud_menu_toggle@template.dummy_toggle": {
              "$toggle_name": "hud_menu_toggle",
              "$radio_toggle_group": true,
              "$toggle_group_default_selected": 0,
              "$toggle_group_forced_index": 0,
              "$toggle_default_state": true,
              "$toggle_view_binding_name": "disable_hud_menu",
              "size": [60,20],
              "offset": [5,2],
              
              "anchor_from": "top_left",
              "anchor_to": "top_left",
              "bindings": [
                {
                  "binding_type": "view",
                  "source_control_name": "$pause_content_binding",
                  "source_property_name": "(not #visible)",
                  "target_property_name": "#visible_1"
                },
                {
                  "binding_type": "view",
                  "source_control_name": "enable_edit_panel",
                  "source_property_name": "(not #toggle_state)",
                  "target_property_name": "#visible_2"
                },
                {
                  "binding_type": "view",
                  "source_property_name": "(#visible_2 and #visible_1)",
                  "target_property_name": "#visible"
                }
              ]
            }
          },
          {
            "enable_hud_menu_toggle@common_toggles.light_text_toggle": {
              "$toggle_name": "hud_menu_toggle",
              "$radio_toggle_group": true,
              "$toggle_group_default_selected": 0,
              "layer": 20,
              "$button_text": "Hud menu",
              "$toggle_group_forced_index": 1,
              "$toggle_view_binding_name": "enable_hud_menu",
              "size": [60,20],
              "anchor_from": "top_middle",
              "anchor_to": "top_middle",
              "$button_mappings": [
                {
                  "from_button_id": "button.menu_select",
                  "to_button_id": "button.menu_select",
                  "mapping_type": "double_pressed"
                },
                {
                  "from_button_id": "button.menu_ok",
                  "to_button_id": "button.menu_ok",
                  "mapping_type": "focused"
                }
              ],
              "bindings": [
                {
                  "binding_type": "view",
                  "source_control_name": "$pause_content_binding",
                  "source_property_name": "#visible",
                  "target_property_name": "#visible"
                }
              ]
            }
          },
          {
            "dummy_enable_edit_panel_toggle@template.dummy_toggle": {
              "size": [20,20],
              "offset": [-5,2],
              "anchor_from": "top_right",
              "anchor_to": "top_right",
              
              "$toggle_view_binding_name": "enable_edit_panel",
              "$toggle_name": "edit_hud_toggles",
              
              "$radio_toggle_group": true,
              "$toggle_group_default_selected": 0,
              "$toggle_group_forced_index": 1,
              "bindings": [
                {
                  "binding_type": "view",
                  "source_control_name": "enable_hud_menu",
                  "source_property_name": "#toggle_state",
                  "target_property_name": "#visible_1"
                },
                {
                  "binding_type": "view",
                  "source_control_name": "enable_edit_panel",
                  "source_property_name": "(not #toggle_state)",
                  "target_property_name": "#visible_2"
                },
                {
                  "binding_type": "view",
                  "source_property_name": "(#visible_1 and #visible_2)",
                  "target_property_name": "#visible"
                }
              ]
            }
          },
          {
            "dummy_edit_panel@template.stack_panel": {
              "size": [200,"100%"],
              "orientation": "vertical",
              "controls": [
                {
                  "padding": {
                    "type": "panel",
                    "size": ["100%","fill"],
                    "bindings": [
                      {
                        "binding_type": "view",
                        "source_control_name": "move_edit_panel",
                        "source_property_name": "(not #toggle_state)",
                        "target_property_name": "#visible"
                      }
                    ]
                  }
                },
                {
                  "edit_panel": {
                    "type": "panel",
                    "size": [200,28],
                    "controls": [
                      {
                        "edit_image": {
                          "type": "panel",
                          "size": [200,28],
                          "controls": [
                            {
                              "stack_button_panel@template.stack_panel": {
                                "orientation": "horizontal",
                                "size": ["100%-4px","100%-4px"],
                                "controls": [
                                  {
                                    "move_button@template.dummy_toggle": {
                                      "size": ["50%-2px","100%"],
                                      "$toggle_view_binding_name": "move_edit_panel",
                                      "$toggle_name": "move_toggles"
                                    }
                                  },
                                  {
                                    "padding": { "type": "panel", "size": [4,0] }
                                  },
                                  {
                                    "back_button@template.dummy_toggle": {
                                      "size": ["50%-2px","100%"],
                                      "$toggle_view_binding_name": "disable_edit_panel",
                                      "$toggle_default_state": true,
                                      "$toggle_name": "edit_hud_toggles",
                                      
                                      "$radio_toggle_group": true,
                                      "$toggle_group_default_selected": 0,
                                      "$toggle_group_forced_index": 0
                                    }
                                  }
                                ]
                              } 
                            }
                          ],
                          "bindings": [
                            {
                              "binding_type": "view",
                              "source_control_name": "enable_edit_panel",
                              "source_property_name": "#toggle_state",
                              "target_property_name": "#visible"
                            }
                          ]
                        }
                      }
                    ]
                  }
                }
              ]
            }
          }
        ]
      }
    ]
  },

  "pause_screen_main_panels": {
    "bindings": [
      {
        "binding_type": "view",
        "source_control_name": "enable_hud_menu",
        "source_property_name": "(not #toggle_state)",
        "target_property_name": "#visible"
      }
    ]
  }
}
