{
  "worlds_stack_panel": {
    "modifications": [
      {
        "control_name": "padding_0",
        "operation": "insert_after",
        "value": [
          { "search_bar@template.search_panel": { "$place_holder_text": "Search World name...[Case Sensitive]", "$text_edit_text_control": "search_world", "size": ["100%",20] } },
          { "padd": { "type": "panel", "size": [0,1] } },
          { "custom_grid@play_ds.search_world_grid": {} }
        ]
      }
    ]
  },
  
  "play_screen": { "$screen_bg_content": "play_ds.play_screen_background" },
  "play_screen_content": {
    "modifications": [
      {
        "array_name": "controls",
        "operation": "insert_front",
        "value": { "popup@play_ds.progress_popup": {} }
      }
    ]
  }
}