{
  "start_screen": {
    "$screen_content": "start_ds.start_content",
    "$screen_bg_content": "start.start_bg"
  },

  "start_bg@template.panel": {
    "ignored": "(not $use_custom_background)",
    "size": ["100%","100%x"],
    "layer": -2,
    "controls": [
      {
        "image": {
          "type": "image",
          "size": ["100%","100%"],
          "texture": "img/start_background",
          "bilinear": true
        }
      }
    ]
  },

  "skin_viewer_panel": {
    "anchor_from": "center",
    "anchor_to": "center",
    "size": ["100%","100%"],
    "offset": [0,0]
  },

  "skin_viewer_panel/paper_doll_panel/paper_doll": { "camera_tilt_degrees": 0 },
  "skin_viewer_panel/paper_doll_panel": { "size": ["100%","100%"] },
  "skin_viewer_panel/paper_doll_name_tag": { "ignored": true }
}