{
  "text_edit_box_label": {
    "modifications": [
      {
        "array_name": "bindings",
        "operation": "insert_front",
        "value": [
          {
            "binding_type": "view",
            "source_control_name": "clear_text",
            "source_property_name": "(#toggle_state - #toggle_state)",
            "target_property_name": "#item_name"
          }
        ]
      }
    ] 
  },
  
  "container_item": {
    "$item_renderer|default": "common.item_rend",
    "$ignore_container_type|default": true,
    "modifications": [
      {
        "array_name": "controls",
        "operation": "insert_front",
        "value": [
          {
            "1@template.item_container_type": {
              "$control_name": "autoplace_enable",
              "$button_id_1": "button.container_auto_place",
              "$button_id_2": "button.container_take_all_place_all"
            }
          },
          {
            "2@template.item_container_type": {
              "$control_name": "drop_enable",
              "$button_id_1": "button.drop_all",
              "$button_id_2": "button.drop_all"
            }
          }
        ]
      }
    ]
  },
  
  
  "base_screen": {
    "$erbn": [
      {
        "binding_collection_name": "#enchant_buttons",
        "binding_name": "#hover_text",
        "binding_type": "collection"
      },
      {
        "binding_type": "view",
        "source_property_name": "(#hover_text - '.' - ',' - '?')",
        "target_property_name": "#hover_texts"
      }
    ],
    "$clwi": [
      {
        "binding_name": "#local_world_name",
        "binding_type": "collection",
        "binding_collection_name": "local_worlds"
      },
      {
        "binding_type": "view",
        "source_property_name": "(#local_world_name - ' ' - '§f' - '§r')",
        "target_property_name": "#world_name_filter"
      },
      {
        "binding_type": "view",
        "source_control_name": "search_world",
        "source_property_name": "#item_name",
        "target_property_name": "#search"
      },
      {
        "binding_type": "view",
        "source_property_name": "(not ((#world_name_filter - #search) = #world_name_filter))",
        "target_property_name": "#visible"
      }
    ],
    "$mp_oxb": [
      {
        "binding_type": "view",
        "source_control_name": "hud_player_position",
        "source_property_name": "#chunk_pos_x",
        "target_property_name": "#size_binding_x"
      }
    ],
    "$mp_oyb": [
      {
        "binding_type": "view",
        "source_control_name": "hud_player_position",
        "source_property_name": "#chunk_pos_z",
        "target_property_name": "#size_binding_y"
      }
    ],
    "$setting_quick_panel": [
      { "camera_text@setting_ds.quickcam_text": {} },
      { "quickcam@setting_ds.quickcam": {} },
      { "mode_text@setting_ds.quickgm_text": {} },
      { "quickmode@setting_ds.quickgm": {} },
      { "padd@setting_ds.padd_panel": {} },
      { "hide_hud@setting_ds.toggle_hidehud": {} },
      { "hide_hand@setting_ds.toggle_hidehand": {} },
      { "render_slider@setting_ds.render_slider": {} },
      { "fov_slider@setting_ds.fov_slider": {} }
    ],
    "$hud_player_position_text_bindings": [
      {
        "binding_name": "#player_position_text",
        "binding_name_override": "#text",
        "binding_condition": "always_when_visible",
        "binding_type": "global"
      }
    ],
    "$highlight_item_grid_template_bindings": [
      {
        "binding_name": "#hover_text",
        "binding_type": "collection",
        "binding_condition": "always",
        "binding_collection_name": "$grid_collection"
      },
      {
        "binding_type": "view",
        "source_property_name": "(#hover_text - ' ' - '§f' - '§r')",
        "target_property_name": "#hover_text_filter"
      },
      {
        "binding_type": "view",
        "source_control_name": "search_item",
        "source_property_name": "#item_name",
        "target_property_name": "#search"
      },
      {
        "binding_type": "view",
        "source_property_name": "((not (#search = '')) and (not ((#hover_text_filter - #search) = #hover_text_filter)))",
        "target_property_name": "#visible",
        "resolve_sibling_scope": true
      }
    ],
    "$filter_container_item_search_collection_bindings": [
      {
        "binding_name": "#hover_text",
        "binding_type": "collection",
        "binding_condition": "always",
        "binding_collection_name": "$item_collection_name"
      },
      {
        "binding_type": "view",
        "source_property_name": "(#hover_text - ' ' - '§f' - '§r')",
        "target_property_name": "#hover_text_filter"
      },
      {
        "binding_type": "view",
        "source_control_name": "search_item",
        "source_property_name": "#item_name",
        "target_property_name": "#search"
      },
      {
        "binding_type": "view",
        "source_property_name": "(not ((#hover_text_filter - #search) = #hover_text_filter))",
        "target_property_name": "#visible",
        "resolve_sibling_scope": true
      }
    ],
    "$debug_screen_binding_name": "#paper_doll_visible",
    "$pause_content_binding": "pause_screen_main_panels",
    "$hud_player_position_text_binding": "hud_player_position_text",
    "$chunk_edge_binding_text": "((#chunk_pos_x>0) and (#chunk_pos_x<15) and (#chunk_pos_z>0) and (#chunk_pos_z<15))",
    "$chunk_corner_binding_text": "(((#chunk_pos_x=0) and (#chunk_pos_z=0)) or ((#chunk_pos_x=15) and (#chunk_pos_z=15)))",
    "$chunk_corner_2_binding_text": "(((#chunk_pos_x=0) and (#chunk_pos_z=15)) or ((#chunk_pos_x=15) and (#chunk_pos_z=0)))",
    "$chunk_position_label": "('Chunk:\nX: ' + #chunk_x + ' | ' + #chunk_pos_x + '\nY: ' + #chunk_y + ' | ' + #chunk_pos_y + '\nZ: ' + #chunk_z + ' | ' + #chunk_pos_z)"
  },
  
  
  "selected_item_details/item_panel_image": { "ignored": true },
  
  "highlight_slot_panel/highlight": { "bindings": [ { "binding_name": "none", "binding_name_override": "#visible" } ] },
  
  "highlight_slot_panel/highlight/hover_text": {
    "bindings": [
      {
        "binding_name": "$hover_text_binding_name",
        "binding_name_override": "#hover_text_binding",
        "binding_type": "collection",
        "binding_collection_name": "$item_collection_name"
      },
      {
        "binding_name": "#item_id_aux",
        "binding_type": "collection",
        "binding_collection_name": "$item_collection_name"
      },
      {
        "binding_type": "collection_details",
        "binding_collection_name": "$item_collection_name"
      },
      {
        "binding_name": "#collection_index",
        "binding_type": "collection",
        "binding_collection_name": "$item_collection_name"
      },
      {
        "binding_type": "view",
        "source_property_name": "(#item_id_aux/65536)",
        "target_property_name": "#item_id"
      },
      {
        "binding_type": "view",
        "source_property_name": "('\n§zData:\n§7Id Aux: ' + #item_id_aux + '\nId: ' + #item_id + '\nIndex: ' + #collection_index)",
        "target_property_name": "#item_data"
      },
      {
        "binding_type": "view",
        "source_property_name": "(#hover_text_binding + '\n§f§r' + #item_durability + #item_data)",
        "target_property_name": "#hover_text"
      },
      {
        "binding_type": "view",
        "source_property_name": "(not (#item_id_aux=-1))",
        "target_property_name": "#visible"
      }
    ]
  },


  "item_rend@common.item_renderer": { "layer": 10 },
  
  "container_item/item_cell/durability_bar": { "layer": 12 },
  
  "container_item/item_cell/storage_bar": { "layer": 12 },
  
  "container_item/item_cell/item/stack_count_label": { "layer": 14 },
  
  "container_item/item_container_transfer_mode_overlay": { "layer": 15 }
}