{
  "dialog_content": {
    "modifications": [
      {
        "array_name": "controls",
        "operation": "insert_front",
        "value": {
          "pocket_popup_button@common.root_panel": {
            "visible": "$pocket_screen",
            "ignored": "(not $pocket_screen)",
            "layer": 25,
            "size": ["200%","200%"],
            "bindings": [
              {
                "binding_type": "view",
                "source_control_name": "pocket_change_toggle",
                "source_property_name": "(not #toggle_state)",
                "target_property_name": "#visible"
              }
            ],
            "controls": [
              {
                "pocket_dialog@template.panel_background": {
                  "alpha": 0.85,
                  "bindings": [],
                  "controls": [
                    {
                      "pocket_change@common_toggles.light_text_toggle": {
                        "size": [100,20],
                        "$button_text": "Change To Classic",
                        "$toggle_name": "#ui_profile_radio_classic",
                        "$toggle_view_binding_name": "pocket_change_toggle"
                      }
                    }
                  ]
                }
              }
            ]
          }
        }
      }
    ]
  }
}